PROVINCIA,2020
Álava,32.22504535006617
Bizkaia,38.89233136416012
Gipuzkoa,30.32237826493703
